{"stats":{"minecraft:crafted":{"sophisticatedbackpacks:backpack":1,"minecraft:air":1065,"quark:dark_oak_chest":1,"minecraft:string":4},"minecraft:dropped":{"minecraft:bread":13,"hexerei:animal_fat":4,"magistuarmory:rustedkettlehat":1,"minecraft:chicken":1,"minecraft:leather":9,"sophisticatedbackpacks:backpack":1,"minecraft:carrot":1,"dawncraft:crystallized_xp":1,"minecraft:iron_chestplate":1,"irons_spellbooks:iron_spell_book":1,"minecraft:iron_axe":1,"minecraft:arrow":1},"minecraft:killed_by":{"irons_spellbooks:archevoker":1,"majruszsdifficulty:cursed_armor":2},"minecraft:mined":{"minecraft:white_bed":5,"supplementaries:book_pile":1,"minecraft:granite":10,"minecraft:grass_block":21,"minecraft:moss_block":1,"supplementaries:cage":1,"minecraft:hay_block":61,"minecraft:coarse_dirt":13,"quark:bonded_leather":1,"minecraft:wheat":27,"minecraft:anvil":1,"minecraft:grass":3,"minecraft:bookshelf":5,"minecraft:gravel":3,"minecraft:dirt":26,"minecraft:stone":22,"irons_spellbooks:inscription_table":3},"minecraft:killed":{"guardvillagers:guard":1,"minecraft:vindicator":4,"untamedwilds:boar":1,"dannys_expansion:foamspring":1,"minecraft:pillager":5,"difficultraids:warrior_illager":2,"alexsmobs:crocodile":2,"savage_and_ravage:creepie":9,"minecraft:villager":1},"minecraft:picked_up":{"irons_spellbooks:scroll":8,"minecraft:coarse_dirt":10,"minecraft:wheat":31,"minecraft:chicken":1,"minecraft:anvil":1,"minecraft:turtle_helmet":1,"minecraft:leather":4,"minecraft:wooden_pickaxe":1,"alexsmobs:bison_fur_block":1,"minecraft:chainmail_chestplate":1,"irons_spellbooks:concentration_amulet":1,"minecraft:dirt":38,"minecraft:white_banner":1,"minecraft:iron_leggings":1,"quark:bonded_leather":1,"irons_spellbooks:common_ink":2,"irons_spellbooks:iron_spell_book":1,"irons_spellbooks:arcane_essence":10,"minecraft:wheat_seeds":70,"apotheosis:scrap_tome":2,"minecraft:written_book":2,"supplementaries:cage":1,"minecraft:birch_sapling":1,"irons_spellbooks:inscription_table":3,"minecraft:egg":4,"minecraft:book":24,"hexerei:animal_fat":4,"minecraft:dark_oak_sapling":5,"quark:glass_item_frame":4,"minecraft:gravel":2,"magistuarmory:rustedkettlehat":1,"minecraft:white_bed":5,"minecraft:barrel":1,"minecraft:dark_oak_planks":37,"quark:ancient_tome":1,"minecraft:arrow":7,"minecraft:stone_axe":1,"minecraft:golden_hoe":2,"waystones:waystone":1,"minecraft:hay_block":61,"minecraft:granite":10,"minecraft:emerald":1,"minecraft:pink_tulip":1,"alexsmobs:moose_ribs":3,"minecraft:bread":3,"irons_spellbooks:uncommon_ink":3,"minecraft:white_wool":1,"minecraft:cobblestone":17},"minecraft:custom":{"minecraft:interact_with_furnace":1,"lootr:looted_stat":19,"minecraft:mob_kills":22,"minecraft:interact_with_crafting_table":7,"minecraft:open_barrel":9,"minecraft:raid_trigger":1,"minecraft:damage_dealt_resisted":51,"minecraft:leave_game":3,"minecraft:time_since_death":8881,"minecraft:sleep_in_bed":6,"minecraft:climb_one_cm":4064,"minecraft:time_since_rest":8921,"minecraft:waystone_activated":1,"minecraft:walk_one_cm":1141457,"champions:champion_mobs_killed":20,"minecraft:sprint_one_cm":812185,"minecraft:damage_taken":3310,"minecraft:damage_absorbed":53,"minecraft:trigger_trapped_chest":12,"minecraft:drop":15,"minecraft:damage_dealt":82,"minecraft:swim_one_cm":164982,"minecraft:fly_one_cm":565142,"minecraft:open_chest":7,"minecraft:crouch_one_cm":4735,"minecraft:play_time":196176,"minecraft:deaths":6,"minecraft:sneak_time":1058,"minecraft:walk_under_water_one_cm":22103,"minecraft:jump":2693,"minecraft:walk_on_water_one_cm":55713,"minecraft:total_world_time":196176,"minecraft:fall_one_cm":45517},"minecraft:used":{"irons_spellbooks:inscription_table":2,"quark:ancient_tome":1,"minecraft:stone_pickaxe":52,"minecraft:wooden_pickaxe":1,"minecraft:golden_hoe":1,"minecraft:dirt":38,"minecraft:white_bed":5,"minecraft:granite":10,"minecraft:dark_oak_planks":29,"supplementaries:cage":5,"minecraft:iron_axe":5,"minecraft:bread":47,"minecraft:birch_sapling":1,"minecraft:gravel":2,"minecraft:cobblestone":17,"minecraft:white_banner":1,"minecraft:egg":1,"minecraft:coarse_dirt":10,"minecraft:experience_bottle":12}},"DataVersion":2975}