{"stats":{"minecraft:crafted":{"minecraft:air":42},"minecraft:dropped":{"minecraft:porkchop":3,"minecraft:melon_slice":5,"apotheosis:gem":2},"minecraft:mined":{"minecraft:dark_oak_planks":1,"minecraft:spruce_planks":1,"minecraft:white_bed":4,"minecraft:red_bed":1,"minecraft:black_terracotta":2,"minecraft:crafting_table":1,"minecraft:grass_block":2,"minecraft:melon":5,"minecraft:dark_oak_slab":1,"treechop:chopped_log":1,"minecraft:dark_oak_stairs":1,"minecraft:grass":1,"minecraft:oak_log":2,"minecraft:dirt":2,"minecraft:fern":1},"minecraft:killed":{"minecraft:sheep":1,"minecraft:silverfish":1,"minecraft:cow":1},"minecraft:picked_up":{"minecraft:wheat":1,"minecraft:crafting_table":1,"minecraft:feather":1,"minecraft:leather":1,"minecraft:oak_log":2,"minecraft:paper":1,"minecraft:dirt":4,"minecraft:red_bed":1,"minecraft:wheat_seeds":3,"minecraft:spruce_planks":1,"minecraft:beef":2,"minecraft:melon_slice":24,"minecraft:acacia_sapling":2,"minecraft:dark_oak_stairs":1,"minecraft:egg":1,"minecraft:dark_oak_slab":2,"minecraft:stick":2,"minecraft:black_terracotta":2,"apotheosis:gem":2,"minecraft:cooked_porkchop":3,"minecraft:acacia_log":8,"minecraft:porkchop":3,"minecraft:white_bed":4,"minecraft:dark_oak_planks":1,"hexerei:sage_seed":1,"minecraft:rotten_flesh":2,"waystones:waystone":1,"minecraft:bread":3,"minecraft:mutton":2,"minecraft:white_wool":1},"minecraft:custom":{"minecraft:interact_with_furnace":4,"lootr:looted_stat":2,"minecraft:mob_kills":3,"minecraft:interact_with_crafting_table":3,"minecraft:open_barrel":1,"minecraft:leave_game":1,"minecraft:time_since_death":54391,"minecraft:sleep_in_bed":4,"minecraft:climb_one_cm":1419,"champions:champion_mobs_killed":1,"minecraft:time_since_rest":5955,"minecraft:waystone_activated":2,"minecraft:sprint_one_cm":313667,"minecraft:damage_taken":1055,"minecraft:walk_one_cm":498544,"minecraft:drop":10,"minecraft:damage_dealt":726,"minecraft:swim_one_cm":47548,"minecraft:fly_one_cm":276938,"minecraft:open_chest":2,"minecraft:crouch_one_cm":3789,"minecraft:play_time":54391,"minecraft:sneak_time":614,"minecraft:walk_under_water_one_cm":8010,"minecraft:boat_one_cm":19696,"minecraft:jump":1230,"minecraft:walk_on_water_one_cm":22321,"minecraft:total_world_time":54391,"minecraft:fall_one_cm":29176},"minecraft:used":{"minecraft:spruce_planks":2,"minecraft:wooden_pickaxe":8,"minecraft:iron_sword":23,"minecraft:cooked_salmon":2,"minecraft:rotten_flesh":2,"minecraft:dirt":3,"minecraft:mutton":2,"minecraft:crafting_table":1,"minecraft:white_bed":4,"minecraft:acacia_sapling":2,"waystones:waystone":1,"minecraft:bread":9,"minecraft:melon_slice":19,"epicfight:glove":24,"minecraft:beef":2,"minecraft:cooked_porkchop":2,"minecraft:cooked_cod":3,"minecraft:egg":1}},"DataVersion":2975}