{"stats":{"minecraft:crafted":{"magistuarmory:iron_shortsword":1,"magistuarmory:hilt":3,"magistuarmory:iron_ranseur":1,"minecraft:stone_pickaxe":1,"magistuarmory:pole":1,"minecraft:stone_bricks":1,"minecraft:crafting_table":1,"minecraft:wooden_pickaxe":1,"minecraft:air":158,"minecraft:string":4,"quark:oak_chest":1,"minecraft:iron_ingot":8,"minecraft:iron_pickaxe":1,"magistuarmory:leather_strip":6},"minecraft:dropped":{"minecraft:bread":13,"minecraft:enchanted_book":2,"minecraft:wheat_seeds":14,"magistuarmory:rustedkettlehat":1,"minecraft:lapis_lazuli":11,"minecraft:crafting_table":1,"minecraft:dark_oak_sapling":3,"minecraft:oak_fence":2,"minecraft:book":9,"minecraft:amethyst_block":5,"minecraft:apple":2,"minecraft:leather":10,"minecraft:granite":2,"epicfight:stone_spear":1,"minecraft:red_mushroom":3,"sophisticatedbackpacks:gold_backpack":1,"irons_spellbooks:scroll":8,"minecraft:dirt":23,"minecraft:red_bed":1,"minecraft:cornflower":1,"minecraft:zombie_head":1,"minecraft:iron_leggings":2,"irons_spellbooks:arcane_essence":10,"minecraft:bone_meal":3,"irons_spellbooks:common_ink":2,"minecraft:chainmail_leggings":2,"minecraft:paper":2,"minecraft:dark_oak_planks":75,"apotheosis:scrap_tome":2,"minecraft:white_wool":2,"minecraft:dandelion":1,"magistuarmory:rustedchainmail_leggings":1,"minecraft:stone_axe":2,"hexerei:animal_fat":1,"minecraft:compass":1,"hexerei:sage_seed":2,"untamedwilds:flora_bush_temperate":2,"minecraft:wheat":6,"irons_spellbooks:uncommon_ink":3,"minecraft:rotten_flesh":5,"sophisticatedbackpacks:backpack":1,"minecraft:carrot":29,"minecraft:chainmail_chestplate":2,"minecraft:filled_map":1,"minecraft:poppy":2,"minecraft:turtle_helmet":1,"minecraft:hay_block":16,"minecraft:flower_pot":2,"apotheosis:gem":1,"minecraft:chainmail_boots":1,"minecraft:wooden_pickaxe":1,"minecraft:stone_pickaxe":1,"minecraft:egg":2},"minecraft:killed_by":{"minecraft:vindicator":1,"alexsmobs:crocodile":1},"minecraft:mined":{"minecraft:tuff":1,"minecraft:spruce_planks":2,"minecraft:white_bed":2,"biomemakeover:wild_mushrooms":1,"minecraft:cave_vines_plant":4,"minecraft:granite":3,"minecraft:grass_block":79,"minecraft:moss_block":2,"minecraft:red_mushroom":13,"minecraft:spawner":1,"minecraft:spore_blossom":1,"minecraft:hay_block":50,"minecraft:large_fern":10,"immersive_weathering:exposed_iron_door":1,"minecraft:carrots":107,"minecraft:furnace":2,"minecraft:dark_oak_trapdoor":2,"minecraft:iron_ore":27,"minecraft:pumpkin":10,"treechop:chopped_log":2,"minecraft:anvil":1,"minecraft:water_cauldron":1,"minecraft:vine":2,"minecraft:cave_vines":4,"minecraft:bookshelf":3,"minecraft:potatoes":54,"minecraft:dirt_path":2,"minecraft:lantern":8,"minecraft:pink_tulip":6,"minecraft:stone":32,"minecraft:white_tulip":3,"immersive_weathering:oak_leaf_pile":2,"minecraft:podzol":1,"minecraft:brown_mushroom":6,"lootr:lootr_barrel":1,"minecraft:red_bed":10,"minecraft:oak_fence":1,"minecraft:crafting_table":4,"untamedwilds:flora_bush_temperate":2,"minecraft:stone_slab":2,"minecraft:tall_grass":4,"minecraft:cobblestone":16,"minecraft:oak_planks":1,"minecraft:wall_torch":1,"minecraft:amethyst_block":6,"minecraft:fire_coral_fan":1,"minecraft:coarse_dirt":23,"minecraft:wheat":11,"minecraft:potted_poppy":1,"minecraft:grass":28,"minecraft:coal_ore":67,"minecraft:beetroots":16,"minecraft:zombie_head":1,"minecraft:sunflower":1,"minecraft:flower_pot":1,"minecraft:dirt":74,"minecraft:cracked_stone_bricks":1,"minecraft:stone_bricks":2,"minecraft:dark_oak_planks":2,"immersive_weathering:dark_oak_leaf_pile":4,"minecraft:fern":11},"minecraft:broken":{"magistuarmory:stone_ranseur":1,"minecraft:stone_shovel":1},"minecraft:killed":{"alexsmobs:lobster":5,"minecraft:vex":1,"minecraft:vindicator":1,"minecraft:skeleton":1,"bloodandmadness:beast_patient":1,"minecraft:chicken":1,"alexsmobs:flying_fish":2,"restored_earth:bouldering_zombie":1,"minecraft:pig":3,"minecraft:salmon":11,"untamedwilds:boar":1,"majruszsdifficulty:cursed_armor":2,"minecraft:sheep":8,"minecraft:pillager":13,"minecraft:zombie":2,"alexsmobs:terrapin":1,"untamedwilds:spadefish":1,"minecraft:cow":10},"minecraft:picked_up":{"sophisticatedbackpacks:gold_backpack":1,"minecraft:crafting_table":5,"minecraft:iron_chestplate":1,"minecraft:coarse_dirt":23,"dawncraft:crystallized_xp":1,"minecraft:wheat":6,"minecraft:chicken":1,"minecraft:flower_pot":2,"minecraft:anvil":1,"minecraft:brown_mushroom":7,"minecraft:stone_slab":2,"minecraft:enchanted_book":2,"minecraft:amethyst_block":6,"minecraft:cornflower":1,"minecraft:dark_oak_trapdoor":2,"minecraft:red_bed":10,"minecraft:iron_axe":1,"minecraft:iron_leggings":1,"minecraft:compass":1,"minecraft:item_frame":1,"minecraft:zombie_head":1,"minecraft:cracked_stone_bricks":1,"minecraft:spruce_planks":2,"minecraft:beef":14,"minecraft:white_tulip":3,"minecraft:poppy":2,"minecraft:furnace":2,"minecraft:egg":2,"minecraft:dark_oak_sapling":3,"minecraft:stick":10,"minecraft:raw_iron":27,"apotheosis:gem":1,"minecraft:oak_fence":2,"minecraft:torch":1,"untamedwilds:flora_bush_temperate":2,"sophisticatedbackpacks:backpack":2,"minecraft:porkchop":7,"minecraft:carrot":173,"minecraft:cauldron":1,"bloodandmadness:beastblood_clump":1,"minecraft:dark_oak_planks":2,"hexerei:sage_seed":2,"minecraft:arrow":15,"minecraft:rotten_flesh":5,"minecraft:beetroot_seeds":14,"minecraft:hay_block":50,"minecraft:pink_tulip":5,"minecraft:glow_berries":7,"minecraft:mutton":13,"minecraft:white_wool":8,"alexsmobs:lobster_tail":4,"alexsmobs:flying_fish":2,"minecraft:cobblestone":48,"epicfight:stone_spear":1,"minecraft:feather":1,"minecraft:salmon":11,"minecraft:leather":19,"minecraft:red_mushroom":18,"minecraft:potato":58,"minecraft:filled_map":1,"paraglider:spirit_orb":1,"savage_and_ravage:creeper_spores":2,"minecraft:tuff":1,"minecraft:oak_log":6,"minecraft:chainmail_chestplate":2,"minecraft:lapis_lazuli":11,"minecraft:dirt":160,"minecraft:lantern":8,"minecraft:white_banner":1,"immersive_weathering:exposed_iron_door":1,"minecraft:apple":3,"minecraft:stone_bricks":2,"minecraft:wheat_seeds":25,"minecraft:spore_blossom":1,"dannys_expansion:yellow_spores":4,"minecraft:moss_block":2,"minecraft:oak_planks":1,"minecraft:book":9,"hexerei:animal_fat":3,"minecraft:pumpkin":10,"minecraft:sweet_berries":7,"quark:glass_item_frame":1,"minecraft:dandelion":1,"minecraft:white_bed":2,"magistuarmory:rustedchainmail_leggings":1,"alexsmobs:bison_carpet":1,"immersive_weathering:stone_brick":4,"minecraft:stone_axe":1,"minecraft:chainmail_leggings":1,"minecraft:granite":3,"minecraft:bone_meal":3,"minecraft:emerald":4,"minecraft:bread":26,"minecraft:dark_oak_wood":24,"minecraft:coal":67,"minecraft:sunflower":1},"minecraft:custom":{"lootr:looted_stat":18,"minecraft:mob_kills":65,"minecraft:interact_with_crafting_table":16,"minecraft:damage_dealt_resisted":30,"minecraft:leave_game":7,"minecraft:time_since_death":87706,"minecraft:climb_one_cm":7999,"champions:champion_mobs_killed":22,"minecraft:sprint_one_cm":729940,"minecraft:walk_one_cm":1569591,"minecraft:drop":117,"minecraft:damage_dealt_absorbed":502,"minecraft:play_time":183680,"minecraft:deaths":2,"minecraft:sneak_time":3075,"minecraft:walk_under_water_one_cm":56290,"minecraft:jump":2969,"minecraft:walk_on_water_one_cm":66049,"minecraft:total_world_time":183680,"minecraft:interact_with_furnace":18,"minecraft:pot_flower":1,"minecraft:sleep_in_bed":13,"minecraft:time_since_rest":32629,"minecraft:damage_taken":3590,"minecraft:damage_absorbed":30,"minecraft:trigger_trapped_chest":4,"minecraft:damage_dealt":8316,"minecraft:swim_one_cm":113278,"minecraft:fly_one_cm":706563,"minecraft:open_chest":8,"minecraft:crouch_one_cm":20335,"minecraft:fall_one_cm":64031},"minecraft:used":{"minecraft:moss_block":2,"minecraft:stone_shovel":151,"magistuarmory:stone_ranseur":134,"minecraft:spruce_planks":2,"immersive_weathering:exposed_iron_door":1,"minecraft:torch":2,"minecraft:dirt":135,"minecraft:carrot":92,"minecraft:tuff":1,"minecraft:granite":1,"minecraft:dark_oak_planks":2,"alexsmobs:bison_carpet":1,"minecraft:iron_axe":29,"minecraft:stone_bricks":3,"minecraft:item_frame":1,"minecraft:sweet_berries":4,"minecraft:furnace":2,"minecraft:beetroot_seeds":1,"minecraft:wheat_seeds":7,"minecraft:amethyst_block":1,"minecraft:stone_pickaxe":23,"minecraft:oak_planks":1,"minecraft:wooden_pickaxe":20,"minecraft:cracked_stone_bricks":1,"minecraft:dark_oak_trapdoor":2,"minecraft:crafting_table":6,"supplementaries:bomb":2,"minecraft:red_bed":8,"quark:glass_item_frame":1,"minecraft:apple":1,"minecraft:sunflower":1,"minecraft:chicken":1,"minecraft:bread":41,"minecraft:iron_pickaxe":145,"minecraft:stone_slab":2,"magistuarmory:iron_ranseur":48,"minecraft:stone_axe":16,"minecraft:cobblestone":33,"minecraft:white_banner":1,"quark:oak_chest":1,"minecraft:coarse_dirt":23,"minecraft:experience_bottle":10}},"DataVersion":2975}