{"stats":{"minecraft:mined":{"minecraft:dandelion":1,"minecraft:yellow_bed":1,"minecraft:grass":2,"minecraft:grass_block":1},"minecraft:killed_by":{"minecraft:skeleton":1,"minecraft:zombie":1},"minecraft:used":{"minecraft:bread":10,"minecraft:white_wool":1,"minecraft:dirt":1,"minecraft:mutton":1,"minecraft:bow":11,"minecraft:carrot":4,"minecraft:yellow_bed":1,"minecraft:egg":1},"minecraft:dropped":{"minecraft:wheat_seeds":1,"minecraft:rotten_flesh":3,"minecraft:bow":1},"minecraft:custom":{"minecraft:time_since_rest":14510,"lootr:looted_stat":1,"champions:champion_mobs_killed":1,"minecraft:sprint_one_cm":253389,"minecraft:damage_taken":760,"minecraft:walk_one_cm":378944,"minecraft:trigger_trapped_chest":1,"minecraft:mob_kills":2,"minecraft:drop":5,"minecraft:swim_one_cm":44291,"minecraft:fly_one_cm":156558,"minecraft:crouch_one_cm":2049,"minecraft:play_time":54284,"minecraft:deaths":2,"minecraft:sneak_time":426,"minecraft:walk_under_water_one_cm":10083,"minecraft:jump":1327,"minecraft:leave_game":3,"minecraft:time_since_death":15232,"minecraft:walk_on_water_one_cm":27251,"minecraft:sleep_in_bed":1,"minecraft:total_world_time":54284,"minecraft:climb_one_cm":1369,"minecraft:fall_one_cm":23995},"minecraft:killed":{"minecraft:sheep":1,"restored_earth:bouldering_zombie":1},"minecraft:picked_up":{"quark:glass_item_frame":1,"minecraft:dandelion":1,"paraglider:spirit_orb":1,"minecraft:yellow_bed":1,"minecraft:carrot":2,"minecraft:dirt":1,"minecraft:rotten_flesh":3,"minecraft:bow":1,"minecraft:wheat_seeds":2,"minecraft:mutton":1,"minecraft:white_wool":1,"minecraft:egg":3}},"DataVersion":2975}