{"stats":{"minecraft:crafted":{"minecraft:cooked_beef":4,"minecraft:cooked_porkchop":6,"simple_mobs:bundled_emerald":1,"minecraft:air":248,"quark:dark_oak_chest":2,"minecraft:string":4,"minecraft:stick":4},"minecraft:dropped":{"minecraft:bread":5,"hexerei:animal_fat":3,"minecraft:wheat_seeds":2,"irons_spellbooks:concentration_amulet":1,"minecraft:cooked_porkchop":3,"minecraft:wheat":4,"minecraft:birch_sapling":2,"alexsmobs:bison_fur_block":1,"minecraft:apple":1,"minecraft:filled_map":2,"minecraft:dirt":3,"savage_and_ravage:creeper_spores":8,"apotheosis:gem":1,"minecraft:iron_bars":2,"minecraft:wooden_pickaxe":1,"minecraft:paper":1,"minecraft:egg":1},"minecraft:killed_by":{"minecraft:vindicator":6,"bloodandmadness:ashen_blood_beast_patient":4,"minecraft:skeleton":1,"restored_earth:bouldering_zombie":1,"alexsmobs:grizzly_bear":2,"untamedwilds:big_cat":1,"habitat:pooka":1,"savage_and_ravage:creepie":1,"minecraft:vex":1},"minecraft:mined":{"minecraft:dark_oak_planks":2,"minecraft:spruce_planks":6,"minecraft:red_bed":10,"minecraft:black_terracotta":1,"supplementaries:book_pile":1,"minecraft:oak_fence":1,"minecraft:crafting_table":7,"minecraft:grass_block":12,"minecraft:oak_planks":1,"minecraft:wall_torch":1,"minecraft:spawner":3,"minecraft:large_fern":1,"minecraft:spruce_stairs":1,"minecraft:furnace":1,"minecraft:iron_ore":5,"minecraft:birch_log":2,"minecraft:birch_leaves":6,"treechop:chopped_log":2,"minecraft:coal_ore":13,"alexsmobs:bison_fur_block":1,"minecraft:iron_bars":2,"minecraft:smooth_quartz":31,"minecraft:dirt":2,"minecraft:stone":24,"minecraft:infested_stone":1},"minecraft:broken":{"minecraft:leather_helmet":1,"minecraft:leather_chestplate":1},"minecraft:killed":{"minecraft:cave_spider":1,"minecraft:pig":1,"restored_earth:lobber_zombie":1,"dannys_expansion:floam":1,"minecraft:pillager":10,"savage_and_ravage:griefer":1,"savage_and_ravage:creepie":3,"restored_earth:bouldering_zombie":1,"minecraft:cow":2},"minecraft:picked_up":{"minecraft:birch_log":19,"minecraft:wheat":3,"minecraft:crafting_table":7,"minecraft:chainmail_boots":1,"minecraft:leather":6,"minecraft:potato":4,"alexsmobs:bison_fur_block":1,"minecraft:enchanted_book":1,"savage_and_ravage:creeper_spores":8,"minecraft:string":1,"minecraft:paper":2,"minecraft:dirt":12,"minecraft:red_bed":11,"minecraft:white_banner":1,"minecraft:zombie_head":1,"minecraft:apple":2,"minecraft:wheat_seeds":2,"minecraft:spruce_planks":6,"minecraft:iron_ingot":1,"minecraft:beef":4,"minecraft:stone_pickaxe":1,"minecraft:smooth_quartz":28,"minecraft:melon_slice":5,"minecraft:black_terracotta":1,"minecraft:oak_planks":1,"minecraft:birch_sapling":6,"minecraft:furnace":1,"minecraft:egg":2,"hexerei:animal_fat":3,"apotheosis:gem":1,"minecraft:stick":2,"minecraft:raw_iron":5,"minecraft:sweet_berries":17,"minecraft:oak_fence":1,"minecraft:torch":1,"minecraft:spruce_stairs":1,"minecraft:porkchop":6,"magistuarmory:rustedkettlehat":1,"minecraft:dark_oak_planks":40,"minecraft:arrow":7,"minecraft:pumpkin_pie":1,"minecraft:chainmail_leggings":1,"minecraft:hay_block":16,"minecraft:emerald":11,"minecraft:bread":2,"minecraft:iron_bars":2,"minecraft:coal":13,"minecraft:white_wool":1,"minecraft:cobblestone":23},"minecraft:custom":{"lootr:looted_stat":13,"minecraft:interact_with_furnace":8,"minecraft:mob_kills":26,"minecraft:interact_with_crafting_table":16,"minecraft:open_barrel":2,"minecraft:raid_trigger":1,"minecraft:damage_dealt_resisted":60,"minecraft:leave_game":7,"minecraft:time_since_death":212,"minecraft:sleep_in_bed":8,"minecraft:climb_one_cm":5291,"minecraft:time_since_rest":246,"champions:champion_mobs_killed":17,"minecraft:sprint_one_cm":164713,"minecraft:walk_one_cm":1676496,"minecraft:damage_taken":6938,"minecraft:damage_absorbed":120,"minecraft:trigger_trapped_chest":2,"minecraft:drop":38,"minecraft:damage_dealt":4614,"minecraft:damage_dealt_absorbed":351,"minecraft:swim_one_cm":82953,"minecraft:fly_one_cm":235795,"minecraft:open_chest":6,"minecraft:crouch_one_cm":12980,"minecraft:boat_one_cm":522,"minecraft:play_time":160687,"minecraft:deaths":19,"minecraft:sneak_time":1812,"minecraft:walk_under_water_one_cm":38766,"minecraft:jump":2518,"minecraft:walk_on_water_one_cm":115675,"minecraft:total_world_time":160687,"minecraft:fall_one_cm":43418,"minecraft:horse_one_cm":25663},"minecraft:used":{"minecraft:oak_fence":1,"minecraft:stone_sword":89,"minecraft:iron_shovel":2,"minecraft:birch_planks":16,"minecraft:stone_pickaxe":74,"minecraft:birch_boat":1,"minecraft:wooden_pickaxe":8,"minecraft:cooked_salmon":1,"minecraft:torch":3,"minecraft:dirt":8,"minecraft:crafting_table":8,"minecraft:red_bed":11,"minecraft:apple":1,"minecraft:iron_axe":44,"minecraft:bread":26,"minecraft:birch_sapling":4,"minecraft:smooth_quartz":8,"minecraft:stone_axe":8,"quark:dark_oak_chest":2,"minecraft:enchanted_book":1,"minecraft:cobblestone":3,"minecraft:sweet_berries":21,"minecraft:furnace":1,"minecraft:white_banner":1,"minecraft:cooked_porkchop":3,"minecraft:pumpkin_pie":1,"minecraft:egg":1,"minecraft:cooked_beef":2,"minecraft:experience_bottle":7}},"DataVersion":2975}